{"count":1,"gauges":{},"self":49.367008,"total":49.514019399999995,"children":{"AgentSendState":{"count":4067,"self":0.0779604,"total":0.0779604,"children":null},"DecideAction":{"count":4067,"self":0.0499414,"total":0.0499414,"children":null},"AgentAct":{"count":4067,"self":0.0181055,"total":0.0181055,"children":null}}}