{"count":1,"gauges":{"Iteration_test.CumulativeReward":{"count":7,"max":2.55000019,"min":1.45,"value":1.50000012,"weightedAverage":1.96062028}},"self":30.586028799999998,"total":30.693061999999998,"children":{"AgentSendState":{"count":2932,"self":0.024036699999999998,"total":0.024036699999999998,"children":null},"DecideAction":{"count":2932,"self":0.0689765,"total":0.0689765,"children":null},"AgentAct":{"count":2932,"self":0.013017299999999999,"total":0.013017299999999999,"children":null}}}