{"count":1,"gauges":{},"self":194.048832,"total":194.2076294,"children":{"AgentSendState":{"count":5299,"self":0.08798,"total":0.08798,"children":null},"DecideAction":{"count":5299,"self":0.046930799999999995,"total":0.046930799999999995,"children":null},"AgentAct":{"count":5299,"self":0.0218838,"total":0.0218838,"children":null}}}