{"count":1,"gauges":{"My Behavior.CumulativeReward":{"count":17,"max":2.55000019,"min":1.4000001,"value":1.4000001,"weightedAverage":1.655008}},"self":13.3313936,"total":13.6745766,"children":{"AgentSendState":{"count":959,"self":0.0160398,"total":0.0160398,"children":null},"DecideAction":{"count":959,"self":0.32516419999999996,"total":0.32516419999999996,"children":null},"AgentAct":{"count":959,"self":0.0009835,"total":0.0009835,"children":null}}}